id,name,volume_share_pct,churn_language_share_pct,severity_1_5,status,team,peak_event,churn_risk_index_0_100,illustrative_annual_revenue_at_risk_usd
subscription,"Subscription, pricing, cancellation & support",22,65,5,Structural / ongoing,General BI & Analytics / Growth,May 2025 upgrade-fee reversal,51.2,16896000
hardware,"Hardware reliability, device failure & charging",14,45,5,"Clustered at MG launch, persistent cross-gen",Hardware Product,May 2025 MG launch failures,22.5,7425000
app_experience,"App experience: sync, crashes, redesign, platform split",12,20,3,Android reliability + iOS redesign backlash,AI Product / General,Oct 2025 homescreen revamp,8.6,2838000
recovery_accuracy,"Recovery-score accuracy (""doesn't match how I feel"")",20,8,3,Persistent / inherent to metric design,Algorithms,None (chronic),5.7,1881000
strain_undercounting,Strain score confusion & strength-training under-counting,12,10,4,"Acknowledged, repeatedly patched",Algorithms,Firmware updates (recurring),4.3,1419000
hr_accuracy,"Heart-rate accuracy, high-intensity/weightlifting",10,9,4,"Acknowledged, improving, not resolved",Algorithms,Firmware updates (recurring),3.2,1056000
band_durability,Band/clasp durability & skin irritation,4,15,2,"Recurring, lower severity",Hardware Product,None (chronic),2.1,693000
bpi_fda,Blood Pressure Insights / FDA (MG-specific),1,35,5,Regulatorily resolved (Jun 2026); litigation pending,Healthcare Product,Jul 2025 FDA warning letter,1.3,429000
sleep_accuracy,Sleep-tracking accuracy,5,6,2,"Relative strength vs competitors, complaints persist",Algorithms,"None (chronic, low intensity)",1.1,363000
