category,date,platform,source,quote,signal
subscription,2025-05-08,Reddit,Reddit (via TechRadar),Upvote this if you just canceled your subscription,"2,400 upvotes"
subscription,2025-05-08,X/Twitter,Digital Trends,The Whoop 5.0 launch feels like extortion! I've been subscribed for over 4 years and now I have to shell out more money for something that was meant to be a free upgrade!,"4-yr subscriber, @BrandonVanB"
subscription,2026-03-29,Trustpilot,Trustpilot,"When I tried to cancel, they suddenly wanted $335 for 8 additional months I never knowingly agreed to.",cancellation billing dispute
subscription,2026,Trustpilot,Trustpilot,It is absolutely impossible to cancel your membership. I've looked everywhere on my membership page on my browser and in the app and cannot find a way to cancel.,cancellation friction
subscription,2025,Trustpilot,Trustpilot,the support is run exclusively by a lunatic AI,AI-only support frustration
subscription,2025-05,Trustpilot/BBB,Trustpilot,the absolute runaround I've been getting the last 24 hours trying to deal with... AI customer support,"MG owner, launch week"
hardware,2025-05,Reddit/Forum/X,TechRadar,the device sensors stop working just hours after the Whoop MG is set up... isn't responsive even when it's fully charged,widespread MG failures at launch
hardware,2025-2026,WHOOP Community,WHOOP Community forum,"WHOOP 5.0 Not Charging, But Battery Pack is Charged",cross-generation charging thread
hardware,2025-2026,Trustpilot,Trustpilot,The strap has broken within a few months. The connecting part for the strap and the device is so flimsy and has widened.,band/clasp durability
recovery_accuracy,ongoing,Blog,Fellrnr,"The WHOOP recovery score is simply based on overnight HRV... This is overly simplistic at best, and I've found it generally unhelpful.",independent reviewer
recovery_accuracy,ongoing,App Store,App Store review,always demand[s] I sleep 9 hours despite full recovery and more than enough restorative sleep at 7.5 hours,functional-fitness user
strain_undercounting,ongoing,WHOOP Community,WHOOP Community forum,got a strain of 20 on one weightlifting session and 4.2 on the next... usually give me something between 12 and...,strain instability after update
strain_undercounting,2026,Review site,road.cc (WHOOP 5.0 MG review),"for strength workouts, the Whoop 5.0 MG underreported my heart rate, reducing the strain score from what it should have been.",acknowledged limitation
hr_accuracy,2026,WHOOP.com,WHOOP Heart Rate Algorithm page,"just delivered another across-the-board improvement to heart rate accuracy... the biggest gains... in weightlifting and functional fitness, HIIT, cycling, and golf",WHOOP's own acknowledgment of prior weakness
app_experience,ongoing,Support doc,WHOOP support article,"Frequent Android Disconnects -- disable Battery Saver, deep optimization, background restrictions, enable background data","Android-only support article, no iOS equivalent"
app_experience,2025,App Store,App Store review,Android app crashes constantly... crashes anytime I even open the app,Android reliability
app_experience,2025-2026,Review,The5KRunner,an abomination,long-time user on homescreen redesign
sleep_accuracy,2026,BBB,BBB complaint,The whoop app on my iPhone fails to show my data (sleep and all other data) for most of the nights when I had the device on my wrist very tightly,"sync/off-body detection, not staging algorithm"
bpi_fda,2025-07-14,FDA,FDA Warning Letter CMS #709755,"marketed... without marketing clearance or approval, in violation of the Federal Food, Drug, and Cosmetic Act",formal FDA warning to CEO Will Ahmed
bpi_fda,2026-06,Press,STAT/Boston Globe (quoting CEO),We won't let regulatory overreach dictate how people access their own health data,CEO Will Ahmed public response
bpi_fda,2025-11-18,Court filing,"Rowe v. Whoop, Inc., N.D. Cal. 3:25-cv-09910",an unauthorized medical device,"putative class action, anchored on FDA letter"
